Strain : Tensile strain (Extension) gauge length,"25.25000",mm
Maximum Load : Maximum Load,"15717.30664",N
Maximum Load : Extension at Maximum Load,"4.56712",mm
Maximum Load : Time at Maximum Load,"27.40000",s
Maximum Load : Tensile strain (Extension) at Maximum Load,"0.18087",mm/mm
Test : Rate 1,"10.00000",mm/min
Yield (Proportional limit) : Data point at Yield (Proportional limit),25
Yield (Proportional limit) : Extension at Yield (Proportional limit),"0.40025",mm
Yield (Proportional limit) : Load at Yield (Proportional limit),"5233.56445",N
Yield (Proportional limit) : Time at Yield (Proportional limit),"2.40000",s
Maximum Load : Data point at Maximum Load,275
Break (Load 0 N) : Data point at Break (Load 0 N),310
Break (Load 0 N) : Break (Load 0 N),"15561.72070",N
Break (Load 0 N) : Time at Break (Load 0 N),"30.90000",s
Break (Load 0 N) : Tensile strain (Extension) at Break (Load 0 N),"0.20397",mm/mm

Time,Extension,Load
(s),(mm),(N)
"0.00000","0.00006","-0.23798"
"0.10000","0.01337","107.33766"
"0.20000","0.03306","405.23569"
"0.30000","0.05000","601.23425"
"0.40000","0.06694","798.01215"
"0.50000","0.08356","994.94495"
"0.60000","0.10006","1193.50513"
"0.70000","0.11687","1399.35571"
"0.80000","0.13362","1611.66455"
"0.90000","0.15019","1826.26062"
"1.00000","0.16662","2042.58240"
"1.10000","0.18362","2267.14282"
"1.20000","0.20025","2492.25537"
"1.30000","0.21675","2717.39038"
"1.40000","0.23344","2948.04468"
"1.50000","0.25025","3181.18604"
"1.60000","0.26700","3415.52344"
"1.70000","0.28350","3650.37964"
"1.80000","0.30012","3883.54590"
"1.90000","0.31700","4124.98193"
"2.00000","0.33350","4356.51562"
"2.10000","0.35006","4579.13232"
"2.20000","0.36694","4801.10352"
"2.30000","0.38362","5018.59277"
"2.40000","0.40025","5233.56445"
"2.50000","0.41675","5448.24268"
"2.60000","0.43356","5662.94385"
"2.70000","0.45031","5878.13721"
"2.80000","0.46687","6090.12354"
"2.90000","0.48344","6300.65137"
"3.00000","0.50031","6517.61426"
"3.10000","0.51700","6730.71240"
"3.20000","0.53356","6938.69238"
"3.30000","0.55025","7147.34180"
"3.40000","0.56687","7355.67969"
"3.50000","0.58362","7563.61865"
"3.60000","0.60019","7763.39453"
"3.70000","0.61681","7961.59131"
"3.80000","0.63375","8164.49805"
"3.90000","0.65025","8356.16602"
"4.00000","0.66681","8543.91992"
"4.10000","0.68375","8734.01953"
"4.20000","0.70019","8913.76367"
"4.30000","0.71700","9091.98926"
"4.40000","0.73344","9262.83789"
"4.50000","0.75019","9431.79199"
"4.60000","0.76712","9599.10059"
"4.70000","0.78344","9754.76758"
"4.80000","0.80019","9908.32324"
"4.90000","0.81712","10063.65820"
"5.00000","0.83350","10206.71094"
"5.10000","0.85025","10347.86523"
"5.20000","0.86700","10484.10352"
"5.30000","0.88362","10616.24902"
"5.40000","0.90037","10745.00781"
"5.50000","0.91675","10866.19824"
"5.60000","0.93375","10988.39062"
"5.70000","0.95050","11105.23242"
"5.80000","0.96681","11214.19922"
"5.90000","0.98350","11322.62988"
"6.00000","1.00037","11427.57031"
"6.10000","1.01700","11525.15039"
"6.20000","1.03362","11619.94434"
"6.30000","1.05025","11707.76855"
"6.40000","1.06700","11794.75293"
"6.50000","1.08381","11878.57422"
"6.60000","1.10012","11952.07227"
"6.70000","1.11700","12030.47754"
"6.80000","1.13375","12103.04004"
"6.90000","1.15019","12172.04102"
"7.00000","1.16687","12241.87305"
"7.10000","1.18369","12308.81348"
"7.20000","1.20044","12373.29688"
"7.30000","1.21706","12435.29297"
"7.40000","1.23337","12495.32227"
"7.50000","1.25050","12559.18457"
"7.60000","1.26719","12615.36328"
"7.70000","1.28344","12669.95996"
"7.80000","1.30031","12726.69141"
"7.90000","1.31712","12781.69629"
"8.00000","1.33356","12832.00391"
"8.10000","1.35025","12882.99414"
"8.20000","1.36687","12932.88574"
"8.30000","1.38375","12982.06445"
"8.40000","1.40031","13027.74121"
"8.50000","1.41675","13072.94043"
"8.60000","1.43387","13122.95801"
"8.70000","1.45037","13163.90820"
"8.80000","1.46687","13206.23633"
"8.90000","1.48356","13250.21094"
"9.00000","1.50037","13292.15625"
"9.10000","1.51712","13332.65723"
"9.20000","1.53362","13371.08887"
"9.30000","1.55019","13409.05273"
"9.40000","1.56719","13451.46777"
"9.50000","1.58369","13486.67480"
"9.60000","1.60006","13521.23340"
"9.70000","1.61700","13561.64258"
"9.80000","1.63362","13594.98535"
"9.90000","1.65031","13630.08496"
"10.00000","1.66694","13663.50195"
"10.10000","1.68362","13699.21973"
"10.20000","1.70050","13732.42871"
"10.30000","1.71694","13762.61816"
"10.40000","1.73344","13795.03613"
"10.50000","1.75044","13830.23828"
"10.60000","1.76700","13858.54199"
"10.70000","1.78362","13889.57227"
"10.80000","1.80031","13918.45801"
"10.90000","1.81700","13949.45508"
"11.00000","1.83375","13979.42480"
"11.10000","1.85025","14005.59570"
"11.20000","1.86687","14034.68555"
"11.30000","1.88381","14064.10645"
"11.40000","1.90025","14088.39551"
"11.50000","1.91681","14116.00293"
"11.60000","1.93387","14145.63086"
"11.70000","1.95031","14167.64453"
"11.80000","1.96700","14194.83398"
"11.90000","1.98350","14219.16504"
"12.00000","2.00031","14245.24512"
"12.10000","2.01719","14271.37402"
"12.20000","2.03356","14292.34277"
"12.30000","2.05025","14315.66504"
"12.40000","2.06712","14342.08496"
"12.50000","2.08350","14362.08203"
"12.60000","2.10031","14386.54980"
"12.70000","2.11706","14408.47363"
"12.80000","2.13369","14429.12207"
"12.90000","2.15037","14451.70898"
"13.00000","2.16681","14471.31738"
"13.10000","2.18381","14495.59375"
"13.20000","2.20050","14514.74707"
"13.30000","2.21687","14532.46191"
"13.40000","2.23362","14555.29785"
"13.50000","2.25050","14576.30078"
"13.60000","2.26700","14592.93262"
"13.70000","2.28362","14613.64746"
"13.80000","2.30025","14631.07422"
"13.90000","2.31700","14652.29395"
"14.00000","2.33375","14670.95215"
"14.10000","2.35012","14685.09766"
"14.20000","2.36700","14707.00684"
"14.30000","2.38375","14723.62598"
"14.40000","2.40019","14738.64160"
"14.50000","2.41694","14758.14551"
"14.60000","2.43381","14777.07129"
"14.70000","2.45031","14790.31641"
"14.80000","2.46706","14808.34082"
"14.90000","2.48344","14822.15039"
"15.00000","2.50050","14843.14844"
"15.10000","2.51719","14856.56934"
"15.20000","2.53350","14869.63477"
"15.30000","2.55037","14887.80078"
"15.40000","2.56706","14903.40430"
"15.50000","2.58362","14917.66406"
"15.60000","2.60031","14931.33887"
"15.70000","2.61694","14946.28027"
"15.80000","2.63375","14961.47070"
"15.90000","2.65037","14974.36426"
"16.00000","2.66675","14987.06445"
"16.10000","2.68381","15005.91016"
"16.20000","2.70044","15016.51074"
"16.30000","2.71694","15028.24023"
"16.40000","2.73362","15043.32422"
"16.50000","2.75025","15056.07812"
"16.60000","2.76712","15069.99023"
"16.70000","2.78375","15081.59766"
"16.80000","2.80012","15091.59668"
"16.90000","2.81719","15110.26367"
"17.00000","2.83369","15118.48145"
"17.10000","2.85019","15128.77051"
"17.20000","2.86706","15144.52441"
"17.30000","2.88362","15153.98145"
"17.40000","2.90031","15165.77734"
"17.50000","2.91687","15176.48535"
"17.60000","2.93369","15190.65234"
"17.70000","2.95050","15200.81055"
"17.80000","2.96694","15209.35156"
"17.90000","2.98337","15219.70801"
"18.00000","3.00050","15235.90039"
"18.10000","3.01706","15242.84180"
"18.20000","3.03356","15251.99121"
"18.30000","3.05031","15263.14062"
"18.40000","3.06694","15273.97754"
"18.50000","3.08381","15286.03320"
"18.60000","3.10019","15291.22852"
"18.70000","3.11687","15302.59961"
"18.80000","3.13387","15314.53125"
"18.90000","3.15031","15320.37695"
"19.00000","3.16681","15329.06934"
"19.10000","3.18387","15343.32812"
"19.20000","3.20031","15347.68945"
"19.30000","3.21700","15357.73730"
"19.40000","3.23350","15365.63086"
"19.50000","3.25031","15376.19727"
"19.60000","3.26719","15385.79883"
"19.70000","3.28350","15389.68945"
"19.80000","3.30031","15400.27832"
"19.90000","3.31712","15410.43359"
"20.00000","3.33350","15415.55664"
"20.10000","3.35025","15424.49609"
"20.20000","3.36706","15433.48730"
"20.30000","3.38369","15438.79395"
"20.40000","3.40044","15447.33203"
"20.50000","3.41675","15452.26758"
"20.60000","3.43381","15464.60840"
"20.70000","3.45044","15468.73730"
"20.80000","3.46687","15473.71289"
"20.90000","3.48356","15483.14355"
"21.00000","3.50044","15491.23633"
"21.10000","3.51700","15495.52344"
"21.20000","3.53369","15503.74902"
"21.30000","3.55031","15508.40430"
"21.40000","3.56694","15516.29883"
"21.50000","3.58375","15523.93750"
"21.60000","3.60012","15526.20508"
"21.70000","3.61706","15536.12695"
"21.80000","3.63375","15539.89160"
"21.90000","3.65025","15544.33984"
"22.00000","3.66694","15552.12305"
"22.10000","3.68381","15558.86230"
"22.20000","3.70037","15561.97559"
"22.30000","3.71706","15568.27832"
"22.40000","3.73337","15571.59570"
"22.50000","3.75050","15582.05371"
"22.60000","3.76719","15584.54883"
"22.70000","3.78350","15586.96191"
"22.80000","3.80031","15594.38379"
"22.90000","3.81706","15600.01562"
"23.00000","3.83369","15603.64258"
"23.10000","3.85031","15607.51660"
"23.20000","3.86687","15612.23535"
"23.30000","3.88375","15618.31641"
"23.40000","3.90037","15621.40918"
"23.50000","3.91669","15622.14941"
"23.60000","3.93387","15633.48145"
"23.70000","3.95037","15632.84375"
"23.80000","3.96687","15635.92578"
"23.90000","3.98356","15642.17773"
"24.00000","4.00037","15646.14355"
"24.10000","4.01719","15650.02832"
"24.20000","4.03369","15651.84766"
"24.30000","4.05019","15653.29980"
"24.40000","4.06712","15662.20117"
"24.50000","4.08375","15663.18262"
"24.60000","4.10012","15663.09766"
"24.70000","4.11706","15671.08789"
"24.80000","4.13369","15671.49609"
"24.90000","4.15031","15673.67285"
"25.00000","4.16687","15675.98242"
"25.10000","4.18369","15681.44238"
"25.20000","4.20044","15683.55273"
"25.30000","4.21694","15683.88672"
"25.40000","4.23344","15685.55859"
"25.50000","4.25050","15693.10742"
"25.60000","4.26706","15692.18652"
"25.70000","4.28369","15694.58691"
"25.80000","4.30037","15694.99805"
"25.90000","4.31694","15698.65918"
"26.00000","4.33369","15702.05957"
"26.10000","4.35025","15701.51465"
"26.20000","4.36687","15702.74219"
"26.30000","4.38381","15707.32129"
"26.40000","4.40031","15704.96387"
"26.50000","4.41675","15705.87500"
"26.60000","4.43394","15712.55371"
"26.70000","4.45025","15707.78223"
"26.80000","4.46700","15711.47266"
"26.90000","4.48356","15711.05566"
"27.00000","4.50031","15713.46484"
"27.10000","4.51719","15715.43848"
"27.20000","4.53356","15712.25488"
"27.30000","4.55025","15713.36133"
"27.40000","4.56712","15717.30664"
"27.50000","4.58356","15714.20410"
"27.60000","4.60025","15715.44238"
"27.70000","4.61700","15715.76270"
"27.80000","4.63362","15714.04492"
"27.90000","4.65044","15715.08008"
"28.00000","4.66681","15711.85449"
"28.10000","4.68381","15715.37402"
"28.20000","4.70050","15712.55176"
"28.30000","4.71687","15709.12012"
"28.40000","4.73362","15710.79785"
"28.50000","4.75050","15710.91602"
"28.60000","4.76706","15705.79590"
"28.70000","4.78369","15705.26953"
"28.80000","4.80025","15701.59473"
"28.90000","4.81706","15702.91504"
"29.00000","4.83375","15699.92285"
"29.10000","4.85012","15693.53223"
"29.20000","4.86700","15694.93457"
"29.30000","4.88381","15691.13770"
"29.40000","4.90025","15683.91504"
"29.50000","4.91687","15681.68652"
"29.60000","4.93375","15680.48633"
"29.70000","4.95037","15673.10547"
"29.80000","4.96700","15667.75293"
"29.90000","4.98344","15661.61621"
"30.00000","5.00050","15660.48730"
"30.10000","5.01719","15650.69238"
"30.20000","5.03350","15640.35840"
"30.30000","5.05037","15636.75000"
"30.40000","5.06712","15627.82715"
"30.50000","5.08362","15616.71973"
"30.60000","5.10031","15606.83105"
"30.70000","5.11687","15594.84277"
"30.80000","5.13381","15583.43750"
"30.90000","5.15037","15561.72070"
"30.97800","5.16662","9239.43066"
